f1e9aa46-2826-49db-9ad3-b713306863e5	world	357	render	20130226210056+0000
f1e9aa46-2826-49db-9ad3-b713306863e5	world	219	render	20130226210056+0000
f1e9aa46-2826-49db-9ad3-b713306863e5	world	247	render	20130226210056+0000
f1e9aa46-2826-49db-9ad3-b713306863e5	world	648	render	20130226210056+0000
f1e9aa46-2826-49db-9ad3-b713306863e5	world	257	render	20130226210056+0000
f1e9aa46-2826-49db-9ad3-b713306863e5	world	373	render	20130226210056+0000
f1e9aa46-2826-49db-9ad3-b713306863e5	world	535	render	20130226210056+0000
f1e9aa46-2826-49db-9ad3-b713306863e5	world	506	render	20130226210056+0000
f1e9aa46-2826-49db-9ad3-b713306863e5	world	224	render	20130226210056+0000
f1e9aa46-2826-49db-9ad3-b713306863e5	world	135	render	20130226210056+0000
f1e9aa46-2826-49db-9ad3-b713306863e5	world	650	render	20130226210056+0000
f1e9aa46-2826-49db-9ad3-b713306863e5	world	204	render	20130226210056+0000
f1e9aa46-2826-49db-9ad3-b713306863e5	world	268	render	20130226210056+0000
f1e9aa46-2826-49db-9ad3-b713306863e5	world	653	render	20130226210056+0000
f1e9aa46-2826-49db-9ad3-b713306863e5	world	45	render	20130226210056+0000
f1e9aa46-2826-49db-9ad3-b713306863e5	world	133	render	20130226210056+0000
f1e9aa46-2826-49db-9ad3-b713306863e5	world	433	render	20130226210056+0000
f1e9aa46-2826-49db-9ad3-b713306863e5	world	379	render	20130226210056+0000
f1e9aa46-2826-49db-9ad3-b713306863e5	world	192	render	20130226210056+0000
f1e9aa46-2826-49db-9ad3-b713306863e5	world	423	render	20130226210056+0000
f1e9aa46-2826-49db-9ad3-b713306863e5	world	584	render	20130226210056+0000
f1e9aa46-2826-49db-9ad3-b713306863e5	world	249	render	20130226210056+0000
f1e9aa46-2826-49db-9ad3-b713306863e5	world	52	render	20130226210056+0000
f1e9aa46-2826-49db-9ad3-b713306863e5	world	73	render	20130226210056+0000
f1e9aa46-2826-49db-9ad3-b713306863e5	world	68	render	20130226210056+0000
f1e9aa46-2826-49db-9ad3-b713306863e5	world	655	render	20130226210056+0000
f1e9aa46-2826-49db-9ad3-b713306863e5	world	439	render	20130226210056+0000
f1e9aa46-2826-49db-9ad3-b713306863e5	world	485	render	20130226210056+0000
f1e9aa46-2826-49db-9ad3-b713306863e5	world	137	render	20130226210056+0000
f1e9aa46-2826-49db-9ad3-b713306863e5	world	492	render	20130226210056+0000
f1e9aa46-2826-49db-9ad3-b713306863e5	world	173	render	20130226210056+0000
f1e9aa46-2826-49db-9ad3-b713306863e5	world	361	render	20130226210056+0000
f1e9aa46-2826-49db-9ad3-b713306863e5	world	162	render	20130226210056+0000
f1e9aa46-2826-49db-9ad3-b713306863e5	world	63	render	20130226210056+0000
f1e9aa46-2826-49db-9ad3-b713306863e5	world	4	render	20130226210056+0000
f1e9aa46-2826-49db-9ad3-b713306863e5	world	61	render	20130226210056+0000
f1e9aa46-2826-49db-9ad3-b713306863e5	world	437	render	20130226210056+0000
f1e9aa46-2826-49db-9ad3-b713306863e5	world	304	render	20130226210056+0000
f1e9aa46-2826-49db-9ad3-b713306863e5	world	396	render	20130226210056+0000
f1e9aa46-2826-49db-9ad3-b713306863e5	world	35	render	20130226210056+0000
f1e9aa46-2826-49db-9ad3-b713306863e5	world	269	render	20130226210056+0000
f1e9aa46-2826-49db-9ad3-b713306863e5	world	402	render	20130226210056+0000
f1e9aa46-2826-49db-9ad3-b713306863e5	world	419	render	20130226210056+0000
f1e9aa46-2826-49db-9ad3-b713306863e5	world	152	render	20130226210056+0000
f1e9aa46-2826-49db-9ad3-b713306863e5	world	454	render	20130226210056+0000
f1e9aa46-2826-49db-9ad3-b713306863e5	world	99	render	20130226210056+0000
f1e9aa46-2826-49db-9ad3-b713306863e5	world	250	render	20130226210056+0000
f1e9aa46-2826-49db-9ad3-b713306863e5	world	370	render	20130226210056+0000
f1e9aa46-2826-49db-9ad3-b713306863e5	world	647	render	20130226210056+0000
f1e9aa46-2826-49db-9ad3-b713306863e5	world	351	render	20130226210056+0000
f1e9aa46-2826-49db-9ad3-b713306863e5	world	462	render	20130226210056+0000
f1e9aa46-2826-49db-9ad3-b713306863e5	world	21	render	20130226210056+0000
f1e9aa46-2826-49db-9ad3-b713306863e5	world	161	render	20130226210056+0000
f1e9aa46-2826-49db-9ad3-b713306863e5	world	266	render	20130226210056+0000
f1e9aa46-2826-49db-9ad3-b713306863e5	world	608	render	20130226210056+0000
f1e9aa46-2826-49db-9ad3-b713306863e5	world	234	render	20130226210056+0000
f1e9aa46-2826-49db-9ad3-b713306863e5	world	261	render	20130226210056+0000
f1e9aa46-2826-49db-9ad3-b713306863e5	world	495	render	20130226210056+0000
f1e9aa46-2826-49db-9ad3-b713306863e5	world	82	render	20130226210056+0000
f1e9aa46-2826-49db-9ad3-b713306863e5	world	194	render	20130226210056+0000
f1e9aa46-2826-49db-9ad3-b713306863e5	world	654	render	20130226210056+0000
f1e9aa46-2826-49db-9ad3-b713306863e5	world	72	render	20130226210056+0000
f1e9aa46-2826-49db-9ad3-b713306863e5	world	74	render	20130226210056+0000
f1e9aa46-2826-49db-9ad3-b713306863e5	world	639	render	20130226210056+0000
f1e9aa46-2826-49db-9ad3-b713306863e5	world	151	render	20130226210056+0000
f1e9aa46-2826-49db-9ad3-b713306863e5	world	317	render	20130226210056+0000
f1e9aa46-2826-49db-9ad3-b713306863e5	world	348	render	20130226210056+0000
f1e9aa46-2826-49db-9ad3-b713306863e5	world	605	render	20130226210056+0000
f1e9aa46-2826-49db-9ad3-b713306863e5	world	163	render	20130226210056+0000
f1e9aa46-2826-49db-9ad3-b713306863e5	world	293	render	20130226210056+0000
f1e9aa46-2826-49db-9ad3-b713306863e5	world	273	render	20130226210056+0000
f1e9aa46-2826-49db-9ad3-b713306863e5	world	364	render	20130226210056+0000
f1e9aa46-2826-49db-9ad3-b713306863e5	world	508	render	20130226210056+0000
f1e9aa46-2826-49db-9ad3-b713306863e5	world	518	render	20130226210056+0000
f1e9aa46-2826-49db-9ad3-b713306863e5	world	538	render	20130226210056+0000
f1e9aa46-2826-49db-9ad3-b713306863e5	world	28	render	20130226210056+0000
f1e9aa46-2826-49db-9ad3-b713306863e5	world	215	render	20130226210056+0000
f1e9aa46-2826-49db-9ad3-b713306863e5	world	254	render	20130226210056+0000
f1e9aa46-2826-49db-9ad3-b713306863e5	world	368	render	20130226210056+0000
f1e9aa46-2826-49db-9ad3-b713306863e5	world	131	render	20130226210056+0000
f1e9aa46-2826-49db-9ad3-b713306863e5	world	267	render	20130226210056+0000
f1e9aa46-2826-49db-9ad3-b713306863e5	world	288	render	20130226210056+0000
f1e9aa46-2826-49db-9ad3-b713306863e5	world	395	render	20130226210056+0000
f1e9aa46-2826-49db-9ad3-b713306863e5	world	567	render	20130226210056+0000
f1e9aa46-2826-49db-9ad3-b713306863e5	world	12	render	20130226210056+0000
f1e9aa46-2826-49db-9ad3-b713306863e5	world	130	render	20130226210056+0000
f1e9aa46-2826-49db-9ad3-b713306863e5	world	374	render	20130226210056+0000
f1e9aa46-2826-49db-9ad3-b713306863e5	world	403	render	20130226210056+0000
f1e9aa46-2826-49db-9ad3-b713306863e5	world	469	render	20130226210056+0000
f1e9aa46-2826-49db-9ad3-b713306863e5	world	636	render	20130226210056+0000
f1e9aa46-2826-49db-9ad3-b713306863e5	world	19	render	20130226210056+0000
f1e9aa46-2826-49db-9ad3-b713306863e5	world	59	render	20130226210056+0000
f1e9aa46-2826-49db-9ad3-b713306863e5	world	209	render	20130226210056+0000
f1e9aa46-2826-49db-9ad3-b713306863e5	world	353	render	20130226210056+0000
f1e9aa46-2826-49db-9ad3-b713306863e5	world	472	render	20130226210056+0000
f1e9aa46-2826-49db-9ad3-b713306863e5	world	500	render	20130226210056+0000
f1e9aa46-2826-49db-9ad3-b713306863e5	world	559	render	20130226210056+0000
f1e9aa46-2826-49db-9ad3-b713306863e5	world	658	render	20130226210056+0000
f1e9aa46-2826-49db-9ad3-b713306863e5	world	36	render	20130226210056+0000
f1e9aa46-2826-49db-9ad3-b713306863e5	world	167	render	20130226210056+0000
f1e9aa46-2826-49db-9ad3-b713306863e5	world	203	render	20130226210056+0000
f1e9aa46-2826-49db-9ad3-b713306863e5	world	315	render	20130226210056+0000
f1e9aa46-2826-49db-9ad3-b713306863e5	world	367	render	20130226210056+0000
f1e9aa46-2826-49db-9ad3-b713306863e5	world	400	render	20130226210056+0000
f1e9aa46-2826-49db-9ad3-b713306863e5	world	410	render	20130226210056+0000
f1e9aa46-2826-49db-9ad3-b713306863e5	world	421	render	20130226210056+0000
f1e9aa46-2826-49db-9ad3-b713306863e5	world	436	render	20130226210056+0000
f1e9aa46-2826-49db-9ad3-b713306863e5	world	466	render	20130226210056+0000
f1e9aa46-2826-49db-9ad3-b713306863e5	world	471	render	20130226210056+0000
f1e9aa46-2826-49db-9ad3-b713306863e5	world	476	render	20130226210056+0000
f1e9aa46-2826-49db-9ad3-b713306863e5	world	479	render	20130226210056+0000
f1e9aa46-2826-49db-9ad3-b713306863e5	world	507	render	20130226210056+0000
f1e9aa46-2826-49db-9ad3-b713306863e5	world	622	render	20130226210056+0000
f1e9aa46-2826-49db-9ad3-b713306863e5	world	624	render	20130226210056+0000
f1e9aa46-2826-49db-9ad3-b713306863e5	world	1	render	20130226210056+0000
f1e9aa46-2826-49db-9ad3-b713306863e5	world	34	render	20130226210056+0000
f1e9aa46-2826-49db-9ad3-b713306863e5	world	62	render	20130226210056+0000
f1e9aa46-2826-49db-9ad3-b713306863e5	world	65	render	20130226210056+0000
f1e9aa46-2826-49db-9ad3-b713306863e5	world	87	render	20130226210056+0000
f1e9aa46-2826-49db-9ad3-b713306863e5	world	110	render	20130226210056+0000
f1e9aa46-2826-49db-9ad3-b713306863e5	world	116	render	20130226210056+0000
f1e9aa46-2826-49db-9ad3-b713306863e5	world	238	render	20130226210056+0000
f1e9aa46-2826-49db-9ad3-b713306863e5	world	313	render	20130226210056+0000
f1e9aa46-2826-49db-9ad3-b713306863e5	world	344	render	20130226210056+0000
f1e9aa46-2826-49db-9ad3-b713306863e5	world	363	render	20130226210056+0000
f1e9aa46-2826-49db-9ad3-b713306863e5	world	394	render	20130226210056+0000
f1e9aa46-2826-49db-9ad3-b713306863e5	world	401	render	20130226210056+0000
f1e9aa46-2826-49db-9ad3-b713306863e5	world	431	render	20130226210056+0000
f1e9aa46-2826-49db-9ad3-b713306863e5	world	432	render	20130226210056+0000
f1e9aa46-2826-49db-9ad3-b713306863e5	world	482	render	20130226210056+0000
f1e9aa46-2826-49db-9ad3-b713306863e5	world	575	render	20130226210056+0000
f1e9aa46-2826-49db-9ad3-b713306863e5	world	607	render	20130226210056+0000
f1e9aa46-2826-49db-9ad3-b713306863e5	world	625	render	20130226210056+0000
f1e9aa46-2826-49db-9ad3-b713306863e5	world	631	render	20130226210056+0000
f1e9aa46-2826-49db-9ad3-b713306863e5	world	646	render	20130226210056+0000
f1e9aa46-2826-49db-9ad3-b713306863e5	world	6	render	20130226210056+0000
f1e9aa46-2826-49db-9ad3-b713306863e5	world	30	render	20130226210056+0000
f1e9aa46-2826-49db-9ad3-b713306863e5	world	31	render	20130226210056+0000
f1e9aa46-2826-49db-9ad3-b713306863e5	world	33	render	20130226210056+0000
f1e9aa46-2826-49db-9ad3-b713306863e5	world	76	render	20130226210056+0000
f1e9aa46-2826-49db-9ad3-b713306863e5	world	79	render	20130226210056+0000
f1e9aa46-2826-49db-9ad3-b713306863e5	world	90	render	20130226210056+0000
f1e9aa46-2826-49db-9ad3-b713306863e5	world	129	render	20130226210056+0000
f1e9aa46-2826-49db-9ad3-b713306863e5	world	228	render	20130226210056+0000
f1e9aa46-2826-49db-9ad3-b713306863e5	world	242	render	20130226210056+0000
f1e9aa46-2826-49db-9ad3-b713306863e5	world	244	render	20130226210056+0000
f1e9aa46-2826-49db-9ad3-b713306863e5	world	295	render	20130226210056+0000
f1e9aa46-2826-49db-9ad3-b713306863e5	world	449	render	20130226210056+0000
f1e9aa46-2826-49db-9ad3-b713306863e5	world	549	render	20130226210056+0000
f1e9aa46-2826-49db-9ad3-b713306863e5	world	565	render	20130226210056+0000
f1e9aa46-2826-49db-9ad3-b713306863e5	world	579	render	20130226210056+0000
f1e9aa46-2826-49db-9ad3-b713306863e5	world	649	render	20130226210056+0000
f1e9aa46-2826-49db-9ad3-b713306863e5	world	7	render	20130226210056+0000
f1e9aa46-2826-49db-9ad3-b713306863e5	world	16	render	20130226210056+0000
f1e9aa46-2826-49db-9ad3-b713306863e5	world	22	render	20130226210056+0000
f1e9aa46-2826-49db-9ad3-b713306863e5	world	49	render	20130226210056+0000
f1e9aa46-2826-49db-9ad3-b713306863e5	world	54	render	20130226210056+0000
f1e9aa46-2826-49db-9ad3-b713306863e5	world	57	render	20130226210056+0000
f1e9aa46-2826-49db-9ad3-b713306863e5	world	71	render	20130226210056+0000
f1e9aa46-2826-49db-9ad3-b713306863e5	world	77	render	20130226210056+0000
f1e9aa46-2826-49db-9ad3-b713306863e5	world	84	render	20130226210056+0000
f1e9aa46-2826-49db-9ad3-b713306863e5	world	113	render	20130226210056+0000
f1e9aa46-2826-49db-9ad3-b713306863e5	world	127	render	20130226210056+0000
f1e9aa46-2826-49db-9ad3-b713306863e5	world	138	render	20130226210056+0000
f1e9aa46-2826-49db-9ad3-b713306863e5	world	150	render	20130226210056+0000
f1e9aa46-2826-49db-9ad3-b713306863e5	world	183	render	20130226210056+0000
f1e9aa46-2826-49db-9ad3-b713306863e5	world	205	render	20130226210056+0000
f1e9aa46-2826-49db-9ad3-b713306863e5	world	208	render	20130226210056+0000
f1e9aa46-2826-49db-9ad3-b713306863e5	world	211	render	20130226210056+0000
f1e9aa46-2826-49db-9ad3-b713306863e5	world	222	render	20130226210056+0000
f1e9aa46-2826-49db-9ad3-b713306863e5	world	226	render	20130226210056+0000
f1e9aa46-2826-49db-9ad3-b713306863e5	world	230	render	20130226210056+0000
f1e9aa46-2826-49db-9ad3-b713306863e5	world	258	render	20130226210056+0000
f1e9aa46-2826-49db-9ad3-b713306863e5	world	260	render	20130226210056+0000
f1e9aa46-2826-49db-9ad3-b713306863e5	world	263	render	20130226210056+0000
f1e9aa46-2826-49db-9ad3-b713306863e5	world	265	render	20130226210056+0000
f1e9aa46-2826-49db-9ad3-b713306863e5	world	279	render	20130226210056+0000
f1e9aa46-2826-49db-9ad3-b713306863e5	world	285	render	20130226210056+0000
f1e9aa46-2826-49db-9ad3-b713306863e5	world	296	render	20130226210056+0000
f1e9aa46-2826-49db-9ad3-b713306863e5	world	301	render	20130226210056+0000
f1e9aa46-2826-49db-9ad3-b713306863e5	world	311	render	20130226210056+0000
f1e9aa46-2826-49db-9ad3-b713306863e5	world	314	render	20130226210056+0000
f1e9aa46-2826-49db-9ad3-b713306863e5	world	339	render	20130226210056+0000
f1e9aa46-2826-49db-9ad3-b713306863e5	world	349	render	20130226210056+0000
f1e9aa46-2826-49db-9ad3-b713306863e5	world	354	render	20130226210056+0000
f1e9aa46-2826-49db-9ad3-b713306863e5	world	355	render	20130226210056+0000
f1e9aa46-2826-49db-9ad3-b713306863e5	world	397	render	20130226210056+0000
f1e9aa46-2826-49db-9ad3-b713306863e5	world	409	render	20130226210056+0000
f1e9aa46-2826-49db-9ad3-b713306863e5	world	414	render	20130226210056+0000
f1e9aa46-2826-49db-9ad3-b713306863e5	world	438	render	20130226210056+0000
f1e9aa46-2826-49db-9ad3-b713306863e5	world	451	render	20130226210056+0000
f1e9aa46-2826-49db-9ad3-b713306863e5	world	457	render	20130226210056+0000
f1e9aa46-2826-49db-9ad3-b713306863e5	world	459	render	20130226210056+0000
f1e9aa46-2826-49db-9ad3-b713306863e5	world	470	render	20130226210056+0000
f1e9aa46-2826-49db-9ad3-b713306863e5	world	497	render	20130226210056+0000
f1e9aa46-2826-49db-9ad3-b713306863e5	world	519	render	20130226210056+0000
f1e9aa46-2826-49db-9ad3-b713306863e5	world	539	render	20130226210056+0000
f1e9aa46-2826-49db-9ad3-b713306863e5	world	554	render	20130226210056+0000
f1e9aa46-2826-49db-9ad3-b713306863e5	world	564	render	20130226210056+0000
f1e9aa46-2826-49db-9ad3-b713306863e5	world	574	render	20130226210056+0000
f1e9aa46-2826-49db-9ad3-b713306863e5	world	578	render	20130226210056+0000
f1e9aa46-2826-49db-9ad3-b713306863e5	world	595	render	20130226210056+0000
f1e9aa46-2826-49db-9ad3-b713306863e5	world	597	render	20130226210056+0000
f1e9aa46-2826-49db-9ad3-b713306863e5	world	602	render	20130226210056+0000
f1e9aa46-2826-49db-9ad3-b713306863e5	world	615	render	20130226210056+0000
f1e9aa46-2826-49db-9ad3-b713306863e5	world	632	render	20130226210056+0000
f1e9aa46-2826-49db-9ad3-b713306863e5	world	633	render	20130226210056+0000
f1e9aa46-2826-49db-9ad3-b713306863e5	world	644	render	20130226210056+0000
f1e9aa46-2826-49db-9ad3-b713306863e5	world	0	render	20130226210056+0000
f1e9aa46-2826-49db-9ad3-b713306863e5	world	2	render	20130226210056+0000
f1e9aa46-2826-49db-9ad3-b713306863e5	world	3	render	20130226210056+0000
f1e9aa46-2826-49db-9ad3-b713306863e5	world	5	render	20130226210056+0000
f1e9aa46-2826-49db-9ad3-b713306863e5	world	8	render	20130226210056+0000
f1e9aa46-2826-49db-9ad3-b713306863e5	world	9	render	20130226210056+0000
f1e9aa46-2826-49db-9ad3-b713306863e5	world	10	render	20130226210056+0000
f1e9aa46-2826-49db-9ad3-b713306863e5	world	11	render	20130226210056+0000
f1e9aa46-2826-49db-9ad3-b713306863e5	world	13	render	20130226210056+0000
f1e9aa46-2826-49db-9ad3-b713306863e5	world	14	render	20130226210056+0000
f1e9aa46-2826-49db-9ad3-b713306863e5	world	15	render	20130226210056+0000
f1e9aa46-2826-49db-9ad3-b713306863e5	world	17	render	20130226210056+0000
f1e9aa46-2826-49db-9ad3-b713306863e5	world	18	render	20130226210056+0000
f1e9aa46-2826-49db-9ad3-b713306863e5	world	20	render	20130226210056+0000
f1e9aa46-2826-49db-9ad3-b713306863e5	world	23	render	20130226210056+0000
f1e9aa46-2826-49db-9ad3-b713306863e5	world	24	render	20130226210056+0000
f1e9aa46-2826-49db-9ad3-b713306863e5	world	25	render	20130226210056+0000
f1e9aa46-2826-49db-9ad3-b713306863e5	world	26	render	20130226210056+0000
f1e9aa46-2826-49db-9ad3-b713306863e5	world	27	render	20130226210056+0000
f1e9aa46-2826-49db-9ad3-b713306863e5	world	29	render	20130226210056+0000
f1e9aa46-2826-49db-9ad3-b713306863e5	world	32	render	20130226210056+0000
f1e9aa46-2826-49db-9ad3-b713306863e5	world	37	render	20130226210056+0000
f1e9aa46-2826-49db-9ad3-b713306863e5	world	38	render	20130226210056+0000
f1e9aa46-2826-49db-9ad3-b713306863e5	world	39	render	20130226210056+0000
f1e9aa46-2826-49db-9ad3-b713306863e5	world	40	render	20130226210056+0000
f1e9aa46-2826-49db-9ad3-b713306863e5	world	41	render	20130226210056+0000
f1e9aa46-2826-49db-9ad3-b713306863e5	world	42	render	20130226210056+0000
f1e9aa46-2826-49db-9ad3-b713306863e5	world	43	render	20130226210056+0000
f1e9aa46-2826-49db-9ad3-b713306863e5	world	44	render	20130226210056+0000
f1e9aa46-2826-49db-9ad3-b713306863e5	world	46	render	20130226210056+0000
f1e9aa46-2826-49db-9ad3-b713306863e5	world	47	render	20130226210056+0000
f1e9aa46-2826-49db-9ad3-b713306863e5	world	48	render	20130226210056+0000
f1e9aa46-2826-49db-9ad3-b713306863e5	world	50	render	20130226210056+0000
f1e9aa46-2826-49db-9ad3-b713306863e5	world	51	render	20130226210056+0000
f1e9aa46-2826-49db-9ad3-b713306863e5	world	53	render	20130226210056+0000
f1e9aa46-2826-49db-9ad3-b713306863e5	world	55	render	20130226210056+0000
f1e9aa46-2826-49db-9ad3-b713306863e5	world	56	render	20130226210056+0000
f1e9aa46-2826-49db-9ad3-b713306863e5	world	58	render	20130226210056+0000
f1e9aa46-2826-49db-9ad3-b713306863e5	world	60	render	20130226210056+0000
f1e9aa46-2826-49db-9ad3-b713306863e5	world	64	render	20130226210056+0000
f1e9aa46-2826-49db-9ad3-b713306863e5	world	66	render	20130226210056+0000
f1e9aa46-2826-49db-9ad3-b713306863e5	world	67	render	20130226210056+0000
f1e9aa46-2826-49db-9ad3-b713306863e5	world	69	render	20130226210056+0000
f1e9aa46-2826-49db-9ad3-b713306863e5	world	70	render	20130226210056+0000
f1e9aa46-2826-49db-9ad3-b713306863e5	world	75	render	20130226210056+0000
f1e9aa46-2826-49db-9ad3-b713306863e5	world	78	render	20130226210056+0000
f1e9aa46-2826-49db-9ad3-b713306863e5	world	80	render	20130226210056+0000
f1e9aa46-2826-49db-9ad3-b713306863e5	world	81	render	20130226210056+0000
f1e9aa46-2826-49db-9ad3-b713306863e5	world	83	render	20130226210056+0000
f1e9aa46-2826-49db-9ad3-b713306863e5	world	85	render	20130226210056+0000
f1e9aa46-2826-49db-9ad3-b713306863e5	world	86	render	20130226210056+0000
f1e9aa46-2826-49db-9ad3-b713306863e5	world	88	render	20130226210056+0000
f1e9aa46-2826-49db-9ad3-b713306863e5	world	89	render	20130226210056+0000
f1e9aa46-2826-49db-9ad3-b713306863e5	world	91	render	20130226210056+0000
f1e9aa46-2826-49db-9ad3-b713306863e5	world	92	render	20130226210056+0000
f1e9aa46-2826-49db-9ad3-b713306863e5	world	93	render	20130226210056+0000
f1e9aa46-2826-49db-9ad3-b713306863e5	world	94	render	20130226210056+0000
f1e9aa46-2826-49db-9ad3-b713306863e5	world	95	render	20130226210056+0000
f1e9aa46-2826-49db-9ad3-b713306863e5	world	96	render	20130226210056+0000
f1e9aa46-2826-49db-9ad3-b713306863e5	world	97	render	20130226210056+0000
f1e9aa46-2826-49db-9ad3-b713306863e5	world	98	render	20130226210056+0000
f1e9aa46-2826-49db-9ad3-b713306863e5	world	100	render	20130226210056+0000
f1e9aa46-2826-49db-9ad3-b713306863e5	world	101	render	20130226210056+0000
f1e9aa46-2826-49db-9ad3-b713306863e5	world	102	render	20130226210056+0000
f1e9aa46-2826-49db-9ad3-b713306863e5	world	103	render	20130226210056+0000
f1e9aa46-2826-49db-9ad3-b713306863e5	world	104	render	20130226210056+0000
f1e9aa46-2826-49db-9ad3-b713306863e5	world	105	render	20130226210056+0000
f1e9aa46-2826-49db-9ad3-b713306863e5	world	106	render	20130226210056+0000
f1e9aa46-2826-49db-9ad3-b713306863e5	world	107	render	20130226210056+0000
f1e9aa46-2826-49db-9ad3-b713306863e5	world	108	render	20130226210056+0000
f1e9aa46-2826-49db-9ad3-b713306863e5	world	109	render	20130226210056+0000
f1e9aa46-2826-49db-9ad3-b713306863e5	world	111	render	20130226210056+0000
f1e9aa46-2826-49db-9ad3-b713306863e5	world	112	render	20130226210056+0000
f1e9aa46-2826-49db-9ad3-b713306863e5	world	114	render	20130226210056+0000
f1e9aa46-2826-49db-9ad3-b713306863e5	world	115	render	20130226210056+0000
f1e9aa46-2826-49db-9ad3-b713306863e5	world	117	render	20130226210056+0000
f1e9aa46-2826-49db-9ad3-b713306863e5	world	118	render	20130226210056+0000
f1e9aa46-2826-49db-9ad3-b713306863e5	world	119	render	20130226210056+0000
f1e9aa46-2826-49db-9ad3-b713306863e5	world	120	render	20130226210056+0000
f1e9aa46-2826-49db-9ad3-b713306863e5	world	121	render	20130226210056+0000
f1e9aa46-2826-49db-9ad3-b713306863e5	world	122	render	20130226210056+0000
f1e9aa46-2826-49db-9ad3-b713306863e5	world	123	render	20130226210056+0000
f1e9aa46-2826-49db-9ad3-b713306863e5	world	124	render	20130226210056+0000
f1e9aa46-2826-49db-9ad3-b713306863e5	world	125	render	20130226210056+0000
f1e9aa46-2826-49db-9ad3-b713306863e5	world	126	render	20130226210056+0000
f1e9aa46-2826-49db-9ad3-b713306863e5	world	128	render	20130226210056+0000
f1e9aa46-2826-49db-9ad3-b713306863e5	world	132	render	20130226210056+0000
f1e9aa46-2826-49db-9ad3-b713306863e5	world	134	render	20130226210056+0000
f1e9aa46-2826-49db-9ad3-b713306863e5	world	136	render	20130226210056+0000
f1e9aa46-2826-49db-9ad3-b713306863e5	world	139	render	20130226210056+0000
f1e9aa46-2826-49db-9ad3-b713306863e5	world	140	render	20130226210056+0000
f1e9aa46-2826-49db-9ad3-b713306863e5	world	141	render	20130226210056+0000
f1e9aa46-2826-49db-9ad3-b713306863e5	world	142	render	20130226210056+0000
f1e9aa46-2826-49db-9ad3-b713306863e5	world	143	render	20130226210056+0000
f1e9aa46-2826-49db-9ad3-b713306863e5	world	144	render	20130226210056+0000
f1e9aa46-2826-49db-9ad3-b713306863e5	world	145	render	20130226210056+0000
f1e9aa46-2826-49db-9ad3-b713306863e5	world	146	render	20130226210056+0000
f1e9aa46-2826-49db-9ad3-b713306863e5	world	147	render	20130226210056+0000
f1e9aa46-2826-49db-9ad3-b713306863e5	world	148	render	20130226210056+0000
f1e9aa46-2826-49db-9ad3-b713306863e5	world	149	render	20130226210056+0000
f1e9aa46-2826-49db-9ad3-b713306863e5	world	153	render	20130226210056+0000
f1e9aa46-2826-49db-9ad3-b713306863e5	world	154	render	20130226210056+0000
f1e9aa46-2826-49db-9ad3-b713306863e5	world	155	render	20130226210056+0000
f1e9aa46-2826-49db-9ad3-b713306863e5	world	156	render	20130226210056+0000
f1e9aa46-2826-49db-9ad3-b713306863e5	world	157	render	20130226210056+0000
f1e9aa46-2826-49db-9ad3-b713306863e5	world	158	render	20130226210056+0000
f1e9aa46-2826-49db-9ad3-b713306863e5	world	159	render	20130226210056+0000
f1e9aa46-2826-49db-9ad3-b713306863e5	world	160	render	20130226210056+0000
f1e9aa46-2826-49db-9ad3-b713306863e5	world	164	render	20130226210056+0000
f1e9aa46-2826-49db-9ad3-b713306863e5	world	165	render	20130226210056+0000
f1e9aa46-2826-49db-9ad3-b713306863e5	world	166	render	20130226210056+0000
f1e9aa46-2826-49db-9ad3-b713306863e5	world	168	render	20130226210056+0000
f1e9aa46-2826-49db-9ad3-b713306863e5	world	169	render	20130226210056+0000
f1e9aa46-2826-49db-9ad3-b713306863e5	world	170	render	20130226210056+0000
f1e9aa46-2826-49db-9ad3-b713306863e5	world	171	render	20130226210056+0000
f1e9aa46-2826-49db-9ad3-b713306863e5	world	172	render	20130226210056+0000
f1e9aa46-2826-49db-9ad3-b713306863e5	world	174	render	20130226210056+0000
f1e9aa46-2826-49db-9ad3-b713306863e5	world	175	render	20130226210056+0000
f1e9aa46-2826-49db-9ad3-b713306863e5	world	176	render	20130226210056+0000
f1e9aa46-2826-49db-9ad3-b713306863e5	world	177	render	20130226210056+0000
f1e9aa46-2826-49db-9ad3-b713306863e5	world	178	render	20130226210056+0000
f1e9aa46-2826-49db-9ad3-b713306863e5	world	179	render	20130226210056+0000
f1e9aa46-2826-49db-9ad3-b713306863e5	world	180	render	20130226210056+0000
f1e9aa46-2826-49db-9ad3-b713306863e5	world	181	render	20130226210056+0000
f1e9aa46-2826-49db-9ad3-b713306863e5	world	182	render	20130226210056+0000
f1e9aa46-2826-49db-9ad3-b713306863e5	world	184	render	20130226210056+0000
f1e9aa46-2826-49db-9ad3-b713306863e5	world	185	render	20130226210056+0000
f1e9aa46-2826-49db-9ad3-b713306863e5	world	186	render	20130226210056+0000
f1e9aa46-2826-49db-9ad3-b713306863e5	world	187	render	20130226210056+0000
f1e9aa46-2826-49db-9ad3-b713306863e5	world	188	render	20130226210056+0000
f1e9aa46-2826-49db-9ad3-b713306863e5	world	189	render	20130226210056+0000
f1e9aa46-2826-49db-9ad3-b713306863e5	world	190	render	20130226210056+0000
f1e9aa46-2826-49db-9ad3-b713306863e5	world	191	render	20130226210056+0000
f1e9aa46-2826-49db-9ad3-b713306863e5	world	193	render	20130226210056+0000
f1e9aa46-2826-49db-9ad3-b713306863e5	world	195	render	20130226210056+0000
f1e9aa46-2826-49db-9ad3-b713306863e5	world	196	render	20130226210056+0000
f1e9aa46-2826-49db-9ad3-b713306863e5	world	197	render	20130226210056+0000
f1e9aa46-2826-49db-9ad3-b713306863e5	world	198	render	20130226210056+0000
f1e9aa46-2826-49db-9ad3-b713306863e5	world	199	render	20130226210056+0000
f1e9aa46-2826-49db-9ad3-b713306863e5	world	200	render	20130226210056+0000
f1e9aa46-2826-49db-9ad3-b713306863e5	world	201	render	20130226210056+0000
f1e9aa46-2826-49db-9ad3-b713306863e5	world	202	render	20130226210056+0000
f1e9aa46-2826-49db-9ad3-b713306863e5	world	206	render	20130226210056+0000
f1e9aa46-2826-49db-9ad3-b713306863e5	world	207	render	20130226210056+0000
f1e9aa46-2826-49db-9ad3-b713306863e5	world	210	render	20130226210056+0000
f1e9aa46-2826-49db-9ad3-b713306863e5	world	212	render	20130226210056+0000
f1e9aa46-2826-49db-9ad3-b713306863e5	world	213	render	20130226210056+0000
f1e9aa46-2826-49db-9ad3-b713306863e5	world	214	render	20130226210056+0000
f1e9aa46-2826-49db-9ad3-b713306863e5	world	216	render	20130226210056+0000
f1e9aa46-2826-49db-9ad3-b713306863e5	world	217	render	20130226210056+0000
f1e9aa46-2826-49db-9ad3-b713306863e5	world	218	render	20130226210056+0000
f1e9aa46-2826-49db-9ad3-b713306863e5	world	220	render	20130226210056+0000
f1e9aa46-2826-49db-9ad3-b713306863e5	world	221	render	20130226210056+0000
f1e9aa46-2826-49db-9ad3-b713306863e5	world	223	render	20130226210056+0000
f1e9aa46-2826-49db-9ad3-b713306863e5	world	225	render	20130226210056+0000
f1e9aa46-2826-49db-9ad3-b713306863e5	world	227	render	20130226210056+0000
f1e9aa46-2826-49db-9ad3-b713306863e5	world	229	render	20130226210056+0000
f1e9aa46-2826-49db-9ad3-b713306863e5	world	231	render	20130226210056+0000
f1e9aa46-2826-49db-9ad3-b713306863e5	world	232	render	20130226210056+0000
f1e9aa46-2826-49db-9ad3-b713306863e5	world	233	render	20130226210056+0000
f1e9aa46-2826-49db-9ad3-b713306863e5	world	235	render	20130226210056+0000
f1e9aa46-2826-49db-9ad3-b713306863e5	world	236	render	20130226210056+0000
f1e9aa46-2826-49db-9ad3-b713306863e5	world	237	render	20130226210056+0000
f1e9aa46-2826-49db-9ad3-b713306863e5	world	239	render	20130226210056+0000
f1e9aa46-2826-49db-9ad3-b713306863e5	world	240	render	20130226210056+0000
f1e9aa46-2826-49db-9ad3-b713306863e5	world	241	render	20130226210056+0000
f1e9aa46-2826-49db-9ad3-b713306863e5	world	243	render	20130226210056+0000
f1e9aa46-2826-49db-9ad3-b713306863e5	world	245	render	20130226210056+0000
f1e9aa46-2826-49db-9ad3-b713306863e5	world	246	render	20130226210056+0000
f1e9aa46-2826-49db-9ad3-b713306863e5	world	248	render	20130226210056+0000
f1e9aa46-2826-49db-9ad3-b713306863e5	world	251	render	20130226210056+0000
f1e9aa46-2826-49db-9ad3-b713306863e5	world	252	render	20130226210056+0000
f1e9aa46-2826-49db-9ad3-b713306863e5	world	253	render	20130226210056+0000
f1e9aa46-2826-49db-9ad3-b713306863e5	world	255	render	20130226210056+0000
f1e9aa46-2826-49db-9ad3-b713306863e5	world	256	render	20130226210056+0000
f1e9aa46-2826-49db-9ad3-b713306863e5	world	259	render	20130226210056+0000
f1e9aa46-2826-49db-9ad3-b713306863e5	world	262	render	20130226210056+0000
f1e9aa46-2826-49db-9ad3-b713306863e5	world	264	render	20130226210056+0000
f1e9aa46-2826-49db-9ad3-b713306863e5	world	270	render	20130226210056+0000
f1e9aa46-2826-49db-9ad3-b713306863e5	world	271	render	20130226210056+0000
f1e9aa46-2826-49db-9ad3-b713306863e5	world	272	render	20130226210056+0000
f1e9aa46-2826-49db-9ad3-b713306863e5	world	274	render	20130226210056+0000
f1e9aa46-2826-49db-9ad3-b713306863e5	world	275	render	20130226210056+0000
f1e9aa46-2826-49db-9ad3-b713306863e5	world	276	render	20130226210056+0000
f1e9aa46-2826-49db-9ad3-b713306863e5	world	277	render	20130226210056+0000
f1e9aa46-2826-49db-9ad3-b713306863e5	world	278	render	20130226210056+0000
f1e9aa46-2826-49db-9ad3-b713306863e5	world	280	render	20130226210056+0000
f1e9aa46-2826-49db-9ad3-b713306863e5	world	281	render	20130226210056+0000
f1e9aa46-2826-49db-9ad3-b713306863e5	world	282	render	20130226210056+0000
f1e9aa46-2826-49db-9ad3-b713306863e5	world	283	render	20130226210056+0000
f1e9aa46-2826-49db-9ad3-b713306863e5	world	284	render	20130226210056+0000
f1e9aa46-2826-49db-9ad3-b713306863e5	world	286	render	20130226210056+0000
f1e9aa46-2826-49db-9ad3-b713306863e5	world	287	render	20130226210056+0000
f1e9aa46-2826-49db-9ad3-b713306863e5	world	289	render	20130226210056+0000
f1e9aa46-2826-49db-9ad3-b713306863e5	world	290	render	20130226210056+0000
f1e9aa46-2826-49db-9ad3-b713306863e5	world	291	render	20130226210056+0000
f1e9aa46-2826-49db-9ad3-b713306863e5	world	292	render	20130226210056+0000
f1e9aa46-2826-49db-9ad3-b713306863e5	world	294	render	20130226210056+0000
f1e9aa46-2826-49db-9ad3-b713306863e5	world	297	render	20130226210056+0000
f1e9aa46-2826-49db-9ad3-b713306863e5	world	298	render	20130226210056+0000
f1e9aa46-2826-49db-9ad3-b713306863e5	world	299	render	20130226210056+0000
f1e9aa46-2826-49db-9ad3-b713306863e5	world	300	render	20130226210056+0000
f1e9aa46-2826-49db-9ad3-b713306863e5	world	302	render	20130226210056+0000
f1e9aa46-2826-49db-9ad3-b713306863e5	world	303	render	20130226210056+0000
f1e9aa46-2826-49db-9ad3-b713306863e5	world	305	render	20130226210056+0000
f1e9aa46-2826-49db-9ad3-b713306863e5	world	306	render	20130226210056+0000
f1e9aa46-2826-49db-9ad3-b713306863e5	world	307	render	20130226210056+0000
f1e9aa46-2826-49db-9ad3-b713306863e5	world	308	render	20130226210056+0000
f1e9aa46-2826-49db-9ad3-b713306863e5	world	309	render	20130226210056+0000
f1e9aa46-2826-49db-9ad3-b713306863e5	world	310	render	20130226210056+0000
f1e9aa46-2826-49db-9ad3-b713306863e5	world	312	render	20130226210056+0000
f1e9aa46-2826-49db-9ad3-b713306863e5	world	316	render	20130226210056+0000
f1e9aa46-2826-49db-9ad3-b713306863e5	world	318	render	20130226210056+0000
f1e9aa46-2826-49db-9ad3-b713306863e5	world	319	render	20130226210056+0000
f1e9aa46-2826-49db-9ad3-b713306863e5	world	320	render	20130226210056+0000
f1e9aa46-2826-49db-9ad3-b713306863e5	world	321	render	20130226210056+0000
f1e9aa46-2826-49db-9ad3-b713306863e5	world	322	render	20130226210056+0000
f1e9aa46-2826-49db-9ad3-b713306863e5	world	323	render	20130226210056+0000
f1e9aa46-2826-49db-9ad3-b713306863e5	world	324	render	20130226210056+0000
f1e9aa46-2826-49db-9ad3-b713306863e5	world	325	render	20130226210056+0000
f1e9aa46-2826-49db-9ad3-b713306863e5	world	326	render	20130226210056+0000
f1e9aa46-2826-49db-9ad3-b713306863e5	world	327	render	20130226210056+0000
f1e9aa46-2826-49db-9ad3-b713306863e5	world	328	render	20130226210056+0000
f1e9aa46-2826-49db-9ad3-b713306863e5	world	329	render	20130226210056+0000
f1e9aa46-2826-49db-9ad3-b713306863e5	world	330	render	20130226210056+0000
f1e9aa46-2826-49db-9ad3-b713306863e5	world	331	render	20130226210056+0000
f1e9aa46-2826-49db-9ad3-b713306863e5	world	332	render	20130226210056+0000
f1e9aa46-2826-49db-9ad3-b713306863e5	world	333	render	20130226210056+0000
f1e9aa46-2826-49db-9ad3-b713306863e5	world	334	render	20130226210056+0000
f1e9aa46-2826-49db-9ad3-b713306863e5	world	335	render	20130226210056+0000
f1e9aa46-2826-49db-9ad3-b713306863e5	world	336	render	20130226210056+0000
f1e9aa46-2826-49db-9ad3-b713306863e5	world	337	render	20130226210056+0000
f1e9aa46-2826-49db-9ad3-b713306863e5	world	338	render	20130226210056+0000
f1e9aa46-2826-49db-9ad3-b713306863e5	world	340	render	20130226210056+0000
f1e9aa46-2826-49db-9ad3-b713306863e5	world	341	render	20130226210056+0000
f1e9aa46-2826-49db-9ad3-b713306863e5	world	342	render	20130226210056+0000
f1e9aa46-2826-49db-9ad3-b713306863e5	world	343	render	20130226210056+0000
f1e9aa46-2826-49db-9ad3-b713306863e5	world	345	render	20130226210056+0000
f1e9aa46-2826-49db-9ad3-b713306863e5	world	346	render	20130226210056+0000
f1e9aa46-2826-49db-9ad3-b713306863e5	world	347	render	20130226210056+0000
f1e9aa46-2826-49db-9ad3-b713306863e5	world	350	render	20130226210056+0000
f1e9aa46-2826-49db-9ad3-b713306863e5	world	352	render	20130226210056+0000
f1e9aa46-2826-49db-9ad3-b713306863e5	world	356	render	20130226210056+0000
f1e9aa46-2826-49db-9ad3-b713306863e5	world	358	render	20130226210056+0000
f1e9aa46-2826-49db-9ad3-b713306863e5	world	359	render	20130226210056+0000
f1e9aa46-2826-49db-9ad3-b713306863e5	world	360	render	20130226210056+0000
f1e9aa46-2826-49db-9ad3-b713306863e5	world	362	render	20130226210056+0000
f1e9aa46-2826-49db-9ad3-b713306863e5	world	365	render	20130226210056+0000
f1e9aa46-2826-49db-9ad3-b713306863e5	world	366	render	20130226210056+0000
f1e9aa46-2826-49db-9ad3-b713306863e5	world	369	render	20130226210056+0000
f1e9aa46-2826-49db-9ad3-b713306863e5	world	371	render	20130226210056+0000
f1e9aa46-2826-49db-9ad3-b713306863e5	world	372	render	20130226210056+0000
f1e9aa46-2826-49db-9ad3-b713306863e5	world	375	render	20130226210056+0000
f1e9aa46-2826-49db-9ad3-b713306863e5	world	376	render	20130226210056+0000
f1e9aa46-2826-49db-9ad3-b713306863e5	world	377	render	20130226210056+0000
f1e9aa46-2826-49db-9ad3-b713306863e5	world	378	render	20130226210056+0000
f1e9aa46-2826-49db-9ad3-b713306863e5	world	380	render	20130226210056+0000
f1e9aa46-2826-49db-9ad3-b713306863e5	world	381	render	20130226210056+0000
f1e9aa46-2826-49db-9ad3-b713306863e5	world	382	render	20130226210056+0000
f1e9aa46-2826-49db-9ad3-b713306863e5	world	383	render	20130226210056+0000
f1e9aa46-2826-49db-9ad3-b713306863e5	world	384	render	20130226210056+0000
f1e9aa46-2826-49db-9ad3-b713306863e5	world	385	render	20130226210056+0000
f1e9aa46-2826-49db-9ad3-b713306863e5	world	386	render	20130226210056+0000
f1e9aa46-2826-49db-9ad3-b713306863e5	world	387	render	20130226210056+0000
f1e9aa46-2826-49db-9ad3-b713306863e5	world	388	render	20130226210056+0000
f1e9aa46-2826-49db-9ad3-b713306863e5	world	389	render	20130226210056+0000
f1e9aa46-2826-49db-9ad3-b713306863e5	world	390	render	20130226210056+0000
f1e9aa46-2826-49db-9ad3-b713306863e5	world	391	render	20130226210056+0000
f1e9aa46-2826-49db-9ad3-b713306863e5	world	392	render	20130226210056+0000
f1e9aa46-2826-49db-9ad3-b713306863e5	world	393	render	20130226210056+0000
f1e9aa46-2826-49db-9ad3-b713306863e5	world	398	render	20130226210056+0000
f1e9aa46-2826-49db-9ad3-b713306863e5	world	399	render	20130226210056+0000
f1e9aa46-2826-49db-9ad3-b713306863e5	world	404	render	20130226210056+0000
f1e9aa46-2826-49db-9ad3-b713306863e5	world	405	render	20130226210056+0000
f1e9aa46-2826-49db-9ad3-b713306863e5	world	406	render	20130226210056+0000
f1e9aa46-2826-49db-9ad3-b713306863e5	world	407	render	20130226210056+0000
f1e9aa46-2826-49db-9ad3-b713306863e5	world	408	render	20130226210056+0000
f1e9aa46-2826-49db-9ad3-b713306863e5	world	411	render	20130226210056+0000
f1e9aa46-2826-49db-9ad3-b713306863e5	world	412	render	20130226210056+0000
f1e9aa46-2826-49db-9ad3-b713306863e5	world	413	render	20130226210056+0000
f1e9aa46-2826-49db-9ad3-b713306863e5	world	415	render	20130226210056+0000
f1e9aa46-2826-49db-9ad3-b713306863e5	world	416	render	20130226210056+0000
f1e9aa46-2826-49db-9ad3-b713306863e5	world	417	render	20130226210056+0000
f1e9aa46-2826-49db-9ad3-b713306863e5	world	418	render	20130226210056+0000
f1e9aa46-2826-49db-9ad3-b713306863e5	world	420	render	20130226210056+0000
f1e9aa46-2826-49db-9ad3-b713306863e5	world	422	render	20130226210056+0000
f1e9aa46-2826-49db-9ad3-b713306863e5	world	424	render	20130226210056+0000
f1e9aa46-2826-49db-9ad3-b713306863e5	world	425	render	20130226210056+0000
f1e9aa46-2826-49db-9ad3-b713306863e5	world	426	render	20130226210056+0000
f1e9aa46-2826-49db-9ad3-b713306863e5	world	427	render	20130226210056+0000
f1e9aa46-2826-49db-9ad3-b713306863e5	world	428	render	20130226210056+0000
f1e9aa46-2826-49db-9ad3-b713306863e5	world	429	render	20130226210056+0000
f1e9aa46-2826-49db-9ad3-b713306863e5	world	430	render	20130226210056+0000
f1e9aa46-2826-49db-9ad3-b713306863e5	world	434	render	20130226210056+0000
f1e9aa46-2826-49db-9ad3-b713306863e5	world	435	render	20130226210056+0000
f1e9aa46-2826-49db-9ad3-b713306863e5	world	440	render	20130226210056+0000
f1e9aa46-2826-49db-9ad3-b713306863e5	world	441	render	20130226210056+0000
f1e9aa46-2826-49db-9ad3-b713306863e5	world	442	render	20130226210056+0000
f1e9aa46-2826-49db-9ad3-b713306863e5	world	443	render	20130226210056+0000
f1e9aa46-2826-49db-9ad3-b713306863e5	world	444	render	20130226210056+0000
f1e9aa46-2826-49db-9ad3-b713306863e5	world	445	render	20130226210056+0000
f1e9aa46-2826-49db-9ad3-b713306863e5	world	446	render	20130226210056+0000
f1e9aa46-2826-49db-9ad3-b713306863e5	world	447	render	20130226210056+0000
f1e9aa46-2826-49db-9ad3-b713306863e5	world	448	render	20130226210056+0000
f1e9aa46-2826-49db-9ad3-b713306863e5	world	450	render	20130226210056+0000
f1e9aa46-2826-49db-9ad3-b713306863e5	world	452	render	20130226210056+0000
f1e9aa46-2826-49db-9ad3-b713306863e5	world	453	render	20130226210056+0000
f1e9aa46-2826-49db-9ad3-b713306863e5	world	455	render	20130226210056+0000
f1e9aa46-2826-49db-9ad3-b713306863e5	world	456	render	20130226210056+0000
f1e9aa46-2826-49db-9ad3-b713306863e5	world	458	render	20130226210056+0000
f1e9aa46-2826-49db-9ad3-b713306863e5	world	460	render	20130226210056+0000
f1e9aa46-2826-49db-9ad3-b713306863e5	world	461	render	20130226210056+0000
f1e9aa46-2826-49db-9ad3-b713306863e5	world	463	render	20130226210056+0000
f1e9aa46-2826-49db-9ad3-b713306863e5	world	464	render	20130226210056+0000
f1e9aa46-2826-49db-9ad3-b713306863e5	world	465	render	20130226210056+0000
f1e9aa46-2826-49db-9ad3-b713306863e5	world	467	render	20130226210056+0000
f1e9aa46-2826-49db-9ad3-b713306863e5	world	468	render	20130226210056+0000
f1e9aa46-2826-49db-9ad3-b713306863e5	world	473	render	20130226210056+0000
f1e9aa46-2826-49db-9ad3-b713306863e5	world	474	render	20130226210056+0000
f1e9aa46-2826-49db-9ad3-b713306863e5	world	475	render	20130226210056+0000
f1e9aa46-2826-49db-9ad3-b713306863e5	world	477	render	20130226210056+0000
f1e9aa46-2826-49db-9ad3-b713306863e5	world	478	render	20130226210056+0000
f1e9aa46-2826-49db-9ad3-b713306863e5	world	480	render	20130226210056+0000
f1e9aa46-2826-49db-9ad3-b713306863e5	world	481	render	20130226210056+0000
f1e9aa46-2826-49db-9ad3-b713306863e5	world	483	render	20130226210056+0000
f1e9aa46-2826-49db-9ad3-b713306863e5	world	484	render	20130226210056+0000
f1e9aa46-2826-49db-9ad3-b713306863e5	world	486	render	20130226210056+0000
f1e9aa46-2826-49db-9ad3-b713306863e5	world	487	render	20130226210056+0000
f1e9aa46-2826-49db-9ad3-b713306863e5	world	488	render	20130226210056+0000
f1e9aa46-2826-49db-9ad3-b713306863e5	world	489	render	20130226210056+0000
f1e9aa46-2826-49db-9ad3-b713306863e5	world	490	render	20130226210056+0000
f1e9aa46-2826-49db-9ad3-b713306863e5	world	491	render	20130226210056+0000
f1e9aa46-2826-49db-9ad3-b713306863e5	world	493	render	20130226210056+0000
f1e9aa46-2826-49db-9ad3-b713306863e5	world	494	render	20130226210056+0000
f1e9aa46-2826-49db-9ad3-b713306863e5	world	496	render	20130226210056+0000
f1e9aa46-2826-49db-9ad3-b713306863e5	world	498	render	20130226210056+0000
f1e9aa46-2826-49db-9ad3-b713306863e5	world	499	render	20130226210056+0000
f1e9aa46-2826-49db-9ad3-b713306863e5	world	501	render	20130226210056+0000
f1e9aa46-2826-49db-9ad3-b713306863e5	world	502	render	20130226210056+0000
f1e9aa46-2826-49db-9ad3-b713306863e5	world	503	render	20130226210056+0000
f1e9aa46-2826-49db-9ad3-b713306863e5	world	504	render	20130226210056+0000
f1e9aa46-2826-49db-9ad3-b713306863e5	world	505	render	20130226210056+0000
f1e9aa46-2826-49db-9ad3-b713306863e5	world	509	render	20130226210056+0000
f1e9aa46-2826-49db-9ad3-b713306863e5	world	510	render	20130226210056+0000
f1e9aa46-2826-49db-9ad3-b713306863e5	world	511	render	20130226210056+0000
f1e9aa46-2826-49db-9ad3-b713306863e5	world	512	render	20130226210056+0000
f1e9aa46-2826-49db-9ad3-b713306863e5	world	513	render	20130226210056+0000
f1e9aa46-2826-49db-9ad3-b713306863e5	world	514	render	20130226210056+0000
f1e9aa46-2826-49db-9ad3-b713306863e5	world	515	render	20130226210056+0000
f1e9aa46-2826-49db-9ad3-b713306863e5	world	516	render	20130226210056+0000
f1e9aa46-2826-49db-9ad3-b713306863e5	world	517	render	20130226210056+0000
f1e9aa46-2826-49db-9ad3-b713306863e5	world	520	render	20130226210056+0000
f1e9aa46-2826-49db-9ad3-b713306863e5	world	521	render	20130226210056+0000
f1e9aa46-2826-49db-9ad3-b713306863e5	world	522	render	20130226210056+0000
f1e9aa46-2826-49db-9ad3-b713306863e5	world	523	render	20130226210056+0000
f1e9aa46-2826-49db-9ad3-b713306863e5	world	524	render	20130226210056+0000
f1e9aa46-2826-49db-9ad3-b713306863e5	world	525	render	20130226210056+0000
f1e9aa46-2826-49db-9ad3-b713306863e5	world	526	render	20130226210056+0000
f1e9aa46-2826-49db-9ad3-b713306863e5	world	527	render	20130226210056+0000
f1e9aa46-2826-49db-9ad3-b713306863e5	world	528	render	20130226210056+0000
f1e9aa46-2826-49db-9ad3-b713306863e5	world	529	render	20130226210056+0000
f1e9aa46-2826-49db-9ad3-b713306863e5	world	530	render	20130226210056+0000
f1e9aa46-2826-49db-9ad3-b713306863e5	world	531	render	20130226210056+0000
f1e9aa46-2826-49db-9ad3-b713306863e5	world	532	render	20130226210056+0000
f1e9aa46-2826-49db-9ad3-b713306863e5	world	533	render	20130226210056+0000
f1e9aa46-2826-49db-9ad3-b713306863e5	world	534	render	20130226210056+0000
f1e9aa46-2826-49db-9ad3-b713306863e5	world	536	render	20130226210056+0000
f1e9aa46-2826-49db-9ad3-b713306863e5	world	537	render	20130226210056+0000
f1e9aa46-2826-49db-9ad3-b713306863e5	world	540	render	20130226210056+0000
f1e9aa46-2826-49db-9ad3-b713306863e5	world	541	render	20130226210056+0000
f1e9aa46-2826-49db-9ad3-b713306863e5	world	542	render	20130226210056+0000
f1e9aa46-2826-49db-9ad3-b713306863e5	world	543	render	20130226210056+0000
f1e9aa46-2826-49db-9ad3-b713306863e5	world	544	render	20130226210056+0000
f1e9aa46-2826-49db-9ad3-b713306863e5	world	545	render	20130226210056+0000
f1e9aa46-2826-49db-9ad3-b713306863e5	world	546	render	20130226210056+0000
f1e9aa46-2826-49db-9ad3-b713306863e5	world	547	render	20130226210056+0000
f1e9aa46-2826-49db-9ad3-b713306863e5	world	548	render	20130226210056+0000
f1e9aa46-2826-49db-9ad3-b713306863e5	world	550	render	20130226210056+0000
f1e9aa46-2826-49db-9ad3-b713306863e5	world	551	render	20130226210056+0000
f1e9aa46-2826-49db-9ad3-b713306863e5	world	552	render	20130226210056+0000
f1e9aa46-2826-49db-9ad3-b713306863e5	world	553	render	20130226210056+0000
f1e9aa46-2826-49db-9ad3-b713306863e5	world	555	render	20130226210056+0000
f1e9aa46-2826-49db-9ad3-b713306863e5	world	556	render	20130226210056+0000
f1e9aa46-2826-49db-9ad3-b713306863e5	world	557	render	20130226210056+0000
f1e9aa46-2826-49db-9ad3-b713306863e5	world	558	render	20130226210056+0000
f1e9aa46-2826-49db-9ad3-b713306863e5	world	560	render	20130226210056+0000
f1e9aa46-2826-49db-9ad3-b713306863e5	world	561	render	20130226210056+0000
f1e9aa46-2826-49db-9ad3-b713306863e5	world	562	render	20130226210056+0000
f1e9aa46-2826-49db-9ad3-b713306863e5	world	563	render	20130226210056+0000
f1e9aa46-2826-49db-9ad3-b713306863e5	world	566	render	20130226210056+0000
f1e9aa46-2826-49db-9ad3-b713306863e5	world	568	render	20130226210056+0000
f1e9aa46-2826-49db-9ad3-b713306863e5	world	569	render	20130226210056+0000
f1e9aa46-2826-49db-9ad3-b713306863e5	world	570	render	20130226210056+0000
f1e9aa46-2826-49db-9ad3-b713306863e5	world	571	render	20130226210056+0000
f1e9aa46-2826-49db-9ad3-b713306863e5	world	572	render	20130226210056+0000
f1e9aa46-2826-49db-9ad3-b713306863e5	world	573	render	20130226210056+0000
f1e9aa46-2826-49db-9ad3-b713306863e5	world	576	render	20130226210056+0000
f1e9aa46-2826-49db-9ad3-b713306863e5	world	577	render	20130226210056+0000
f1e9aa46-2826-49db-9ad3-b713306863e5	world	580	render	20130226210056+0000
f1e9aa46-2826-49db-9ad3-b713306863e5	world	581	render	20130226210056+0000
f1e9aa46-2826-49db-9ad3-b713306863e5	world	582	render	20130226210056+0000
f1e9aa46-2826-49db-9ad3-b713306863e5	world	583	render	20130226210056+0000
f1e9aa46-2826-49db-9ad3-b713306863e5	world	585	render	20130226210056+0000
f1e9aa46-2826-49db-9ad3-b713306863e5	world	586	render	20130226210056+0000
f1e9aa46-2826-49db-9ad3-b713306863e5	world	587	render	20130226210056+0000
f1e9aa46-2826-49db-9ad3-b713306863e5	world	588	render	20130226210056+0000
f1e9aa46-2826-49db-9ad3-b713306863e5	world	589	render	20130226210056+0000
f1e9aa46-2826-49db-9ad3-b713306863e5	world	590	render	20130226210056+0000
f1e9aa46-2826-49db-9ad3-b713306863e5	world	591	render	20130226210056+0000
f1e9aa46-2826-49db-9ad3-b713306863e5	world	592	render	20130226210056+0000
f1e9aa46-2826-49db-9ad3-b713306863e5	world	593	render	20130226210056+0000
f1e9aa46-2826-49db-9ad3-b713306863e5	world	594	render	20130226210056+0000
f1e9aa46-2826-49db-9ad3-b713306863e5	world	596	render	20130226210056+0000
f1e9aa46-2826-49db-9ad3-b713306863e5	world	598	render	20130226210056+0000
f1e9aa46-2826-49db-9ad3-b713306863e5	world	599	render	20130226210056+0000
f1e9aa46-2826-49db-9ad3-b713306863e5	world	600	render	20130226210056+0000
f1e9aa46-2826-49db-9ad3-b713306863e5	world	601	render	20130226210056+0000
f1e9aa46-2826-49db-9ad3-b713306863e5	world	603	render	20130226210056+0000
f1e9aa46-2826-49db-9ad3-b713306863e5	world	604	render	20130226210056+0000
f1e9aa46-2826-49db-9ad3-b713306863e5	world	606	render	20130226210056+0000
f1e9aa46-2826-49db-9ad3-b713306863e5	world	609	render	20130226210056+0000
f1e9aa46-2826-49db-9ad3-b713306863e5	world	610	render	20130226210056+0000
f1e9aa46-2826-49db-9ad3-b713306863e5	world	611	render	20130226210056+0000
f1e9aa46-2826-49db-9ad3-b713306863e5	world	612	render	20130226210056+0000
f1e9aa46-2826-49db-9ad3-b713306863e5	world	613	render	20130226210056+0000
f1e9aa46-2826-49db-9ad3-b713306863e5	world	614	render	20130226210056+0000
f1e9aa46-2826-49db-9ad3-b713306863e5	world	616	render	20130226210056+0000
f1e9aa46-2826-49db-9ad3-b713306863e5	world	617	render	20130226210056+0000
f1e9aa46-2826-49db-9ad3-b713306863e5	world	618	render	20130226210056+0000
f1e9aa46-2826-49db-9ad3-b713306863e5	world	619	render	20130226210056+0000
f1e9aa46-2826-49db-9ad3-b713306863e5	world	620	render	20130226210056+0000
f1e9aa46-2826-49db-9ad3-b713306863e5	world	621	render	20130226210056+0000
f1e9aa46-2826-49db-9ad3-b713306863e5	world	623	render	20130226210056+0000
f1e9aa46-2826-49db-9ad3-b713306863e5	world	626	render	20130226210056+0000
f1e9aa46-2826-49db-9ad3-b713306863e5	world	627	render	20130226210056+0000
f1e9aa46-2826-49db-9ad3-b713306863e5	world	628	render	20130226210056+0000
f1e9aa46-2826-49db-9ad3-b713306863e5	world	629	render	20130226210056+0000
f1e9aa46-2826-49db-9ad3-b713306863e5	world	630	render	20130226210056+0000
f1e9aa46-2826-49db-9ad3-b713306863e5	world	634	render	20130226210056+0000
f1e9aa46-2826-49db-9ad3-b713306863e5	world	635	render	20130226210056+0000
f1e9aa46-2826-49db-9ad3-b713306863e5	world	637	render	20130226210056+0000
f1e9aa46-2826-49db-9ad3-b713306863e5	world	638	render	20130226210056+0000
f1e9aa46-2826-49db-9ad3-b713306863e5	world	640	render	20130226210056+0000
f1e9aa46-2826-49db-9ad3-b713306863e5	world	641	render	20130226210056+0000
f1e9aa46-2826-49db-9ad3-b713306863e5	world	642	render	20130226210056+0000
f1e9aa46-2826-49db-9ad3-b713306863e5	world	643	render	20130226210056+0000
f1e9aa46-2826-49db-9ad3-b713306863e5	world	645	render	20130226210056+0000
f1e9aa46-2826-49db-9ad3-b713306863e5	world	651	render	20130226210056+0000
f1e9aa46-2826-49db-9ad3-b713306863e5	world	652	render	20130226210056+0000
f1e9aa46-2826-49db-9ad3-b713306863e5	world	656	render	20130226210056+0000
f1e9aa46-2826-49db-9ad3-b713306863e5	world	657	render	20130226210056+0000
